Workbook

Sheet Acompanhamento
A1: Acompanhamento da Montagem – SoBot
A2: Preencha só as células amarelas. Fluxo: 1) liste as subatividades e o tempo ideal de cada uma; 2) defina a meta de robôs; 3) informe quantas peças já estão concluídas em cada subatividade. O %, as unidades concluídas e os tempos saem sozinhos.
A3: Os quadros marcados com 'Valores de EXEMPLO' não são dados reais: substitua pelos seus. A aba 'Como funciona' explica cada conta com os números atuais.
A4: Meta: quantos robôs vamos montar (previstas) | B4: 10
A5: Robôs concluídos | B5: =B377&" de "&C377 -> 0 de 10
A6: Progresso geral (pelas tarefas) | B6: =D381 -> 0.13157895
A7: Unidades concluídas (soma das etapas) | B7: =B380&" de "&C380 -> 15 de 240
A8: Tempo que falta (h) | B8: =B383 -> 27.5
A9: Dias úteis restantes (aba Equipe) | B9: =B384 -> 3.4375
A10: Ir para o resumo final ↓
A12: 3. Montagem do Suporte de Manutenção | E12: Peso no robô | F12: =C390 -> 0.68421053 | O12: Concluído | P12: =E23 -> 0.19230769
A13: Unidades previstas | B13: =$B$4 -> 10 | E13: Unidades concluídas | F13: =IF(COUNT(E15:E22)=0,0,ROUND(MIN(E15:E22)*B13,0)) -> 1 | O13: Falta | P13: =1-P12 -> 0.80769231
A14: Subatividade | B14: Tempo ideal (min) | C14: Peso na etapa | D14: Peças concluídas | E14: % concluído | F14: Tempo total (min) | G14: Tempo que falta (min)
A15: Alinhamento | B15: 10 | C15: =IF(OR(A15="",$B$23=0),"",N(B15)/$B$23) -> 0.076923077 | D15: 5 | E15: =IF(A15="","",IF($B$13>0,MIN(1,N(D15)/$B$13),0)) -> 0.5 | F15: =IF(A15="","",N(B15)*$B$13) -> 100 | G15: =IF(A15="","",N(B15)*($B$13-MIN($B$13,N(D15)))) -> 50 | O15: Tarefas | P15: =COUNTA(A15:A22) -> 4
A16: Instalar pé | B16: 10 | C16: =IF(OR(A16="",$B$23=0),"",N(B16)/$B$23) -> 0.076923077 | D16: 5 | E16: =IF(A16="","",IF($B$13>0,MIN(1,N(D16)/$B$13),0)) -> 0.5 | F16: =IF(A16="","",N(B16)*$B$13) -> 100 | G16: =IF(A16="","",N(B16)*($B$13-MIN($B$13,N(D16)))) -> 50 | O16: Tarefas 100% | P16: =COUNTIF(E15:E22,">=1") -> 0
A17: Montar placa de manutenção | B17: 10 | C17: =IF(OR(A17="",$B$23=0),"",N(B17)/$B$23) -> 0.076923077 | D17: 5 | E17: =IF(A17="","",IF($B$13>0,MIN(1,N(D17)/$B$13),0)) -> 0.5 | F17: =IF(A17="","",N(B17)*$B$13) -> 100 | G17: =IF(A17="","",N(B17)*($B$13-MIN($B$13,N(D17)))) -> 50
A18: Instalar placa | B18: 100 | C18: =IF(OR(A18="",$B$23=0),"",N(B18)/$B$23) -> 0.76923077 | D18: 1 | E18: =IF(A18="","",IF($B$13>0,MIN(1,N(D18)/$B$13),0)) -> 0.1 | F18: =IF(A18="","",N(B18)*$B$13) -> 1000 | G18: =IF(A18="","",N(B18)*($B$13-MIN($B$13,N(D18)))) -> 900
C19: =IF(OR(A19="",$B$23=0),"",N(B19)/$B$23) | E19: =IF(A19="","",IF($B$13>0,MIN(1,N(D19)/$B$13),0)) | F19: =IF(A19="","",N(B19)*$B$13) | G19: =IF(A19="","",N(B19)*($B$13-MIN($B$13,N(D19))))
C20: =IF(OR(A20="",$B$23=0),"",N(B20)/$B$23) | E20: =IF(A20="","",IF($B$13>0,MIN(1,N(D20)/$B$13),0)) | F20: =IF(A20="","",N(B20)*$B$13) | G20: =IF(A20="","",N(B20)*($B$13-MIN($B$13,N(D20))))
C21: =IF(OR(A21="",$B$23=0),"",N(B21)/$B$23) | E21: =IF(A21="","",IF($B$13>0,MIN(1,N(D21)/$B$13),0)) | F21: =IF(A21="","",N(B21)*$B$13) | G21: =IF(A21="","",N(B21)*($B$13-MIN($B$13,N(D21))))
C22: =IF(OR(A22="",$B$23=0),"",N(B22)/$B$23) | E22: =IF(A22="","",IF($B$13>0,MIN(1,N(D22)/$B$13),0)) | F22: =IF(A22="","",N(B22)*$B$13) | G22: =IF(A22="","",N(B22)*($B$13-MIN($B$13,N(D22))))
A23: Total da etapa (progresso pelas tarefas) | B23: =SUM(B15:B22) -> 130 | E23: =IF(B23>0,SUMPRODUCT(B15:B22,E15:E22)/B23,IF(COUNT(E15:E22)=0,0,SUM(E15:E22)/COUNT(E15:E22))) -> 0.19230769 | F23: =SUM(F15:F22) -> 1300 | G23: =SUM(G15:G22) -> 1050
A24: Unidades concluídas ÷ previstas (menor nº de peças entre as subatividades) | D24: =F13&"/"&B13 -> 1/10 | E24: =IF(B13>0,MIN(1,F13/B13),0) -> 0.1
A27: 4. Alinhamento da estrutura do SoBot | E27: Peso no robô | F27: =C391 -> 0.31578947 | O27: Concluído | P27: =E38 -> 0
A28: Unidades previstas | B28: =$B$4 -> 10 | E28: Unidades concluídas | F28: =IF(COUNT(E30:E37)=0,0,ROUND(MIN(E30:E37)*B28,0)) -> 0 | O28: Falta | P28: =1-P27 -> 1
A29: Subatividade | B29: Tempo ideal (min) | C29: Peso na etapa | D29: Peças concluídas | E29: % concluído | F29: Tempo total (min) | G29: Tempo que falta (min)
A30: Posicionar a estrutura (exemplo) | B30: 15 | C30: =IF(OR(A30="",$B$38=0),"",N(B30)/$B$38) -> 0.25 | D30: 0 | E30: =IF(A30="","",IF($B$28>0,MIN(1,N(D30)/$B$28),0)) -> 0 | F30: =IF(A30="","",N(B30)*$B$28) -> 150 | G30: =IF(A30="","",N(B30)*($B$28-MIN($B$28,N(D30)))) -> 150 | O30: Tarefas | P30: =COUNTA(A30:A37) -> 3
A31: Conferir esquadro (exemplo) | B31: 25 | C31: =IF(OR(A31="",$B$38=0),"",N(B31)/$B$38) -> 0.41666667 | D31: 0 | E31: =IF(A31="","",IF($B$28>0,MIN(1,N(D31)/$B$28),0)) -> 0 | F31: =IF(A31="","",N(B31)*$B$28) -> 250 | G31: =IF(A31="","",N(B31)*($B$28-MIN($B$28,N(D31)))) -> 250 | O31: Tarefas 100% | P31: =COUNTIF(E30:E37,">=1") -> 0
A32: Apertar os parafusos (exemplo) | B32: 20 | C32: =IF(OR(A32="",$B$38=0),"",N(B32)/$B$38) -> 0.33333333 | D32: 0 | E32: =IF(A32="","",IF($B$28>0,MIN(1,N(D32)/$B$28),0)) -> 0 | F32: =IF(A32="","",N(B32)*$B$28) -> 200 | G32: =IF(A32="","",N(B32)*($B$28-MIN($B$28,N(D32)))) -> 200
C33: =IF(OR(A33="",$B$38=0),"",N(B33)/$B$38) | E33: =IF(A33="","",IF($B$28>0,MIN(1,N(D33)/$B$28),0)) | F33: =IF(A33="","",N(B33)*$B$28) | G33: =IF(A33="","",N(B33)*($B$28-MIN($B$28,N(D33))))
C34: =IF(OR(A34="",$B$38=0),"",N(B34)/$B$38) | E34: =IF(A34="","",IF($B$28>0,MIN(1,N(D34)/$B$28),0)) | F34: =IF(A34="","",N(B34)*$B$28) | G34: =IF(A34="","",N(B34)*($B$28-MIN($B$28,N(D34))))
C35: =IF(OR(A35="",$B$38=0),"",N(B35)/$B$38) | E35: =IF(A35="","",IF($B$28>0,MIN(1,N(D35)/$B$28),0)) | F35: =IF(A35="","",N(B35)*$B$28) | G35: =IF(A35="","",N(B35)*($B$28-MIN($B$28,N(D35))))
C36: =IF(OR(A36="",$B$38=0),"",N(B36)/$B$38) | E36: =IF(A36="","",IF($B$28>0,MIN(1,N(D36)/$B$28),0)) | F36: =IF(A36="","",N(B36)*$B$28) | G36: =IF(A36="","",N(B36)*($B$28-MIN($B$28,N(D36))))
C37: =IF(OR(A37="",$B$38=0),"",N(B37)/$B$38) | E37: =IF(A37="","",IF($B$28>0,MIN(1,N(D37)/$B$28),0)) | F37: =IF(A37="","",N(B37)*$B$28) | G37: =IF(A37="","",N(B37)*($B$28-MIN($B$28,N(D37))))
A38: Total da etapa (progresso pelas tarefas) | B38: =SUM(B30:B37) -> 60 | E38: =IF(B38>0,SUMPRODUCT(B30:B37,E30:E37)/B38,IF(COUNT(E30:E37)=0,0,SUM(E30:E37)/COUNT(E30:E37))) -> 0 | F38: =SUM(F30:F37) -> 600 | G38: =SUM(G30:G37) -> 600
A39: Unidades concluídas ÷ previstas (menor nº de peças entre as subatividades) | D39: =F28&"/"&B28 -> 0/10 | E39: =IF(B28>0,MIN(1,F28/B28),0) -> 0
A40: ↑ Valores de EXEMPLO (não são dados reais). Substitua pelos seus.
A42: 5. Pontos de Aterramento | E42: Peso no robô | F42: =C392 -> 0 | O42: Concluído | P42: =E53 -> 1
A43: Unidades previstas | B43: =$B$4 -> 10 | E43: Unidades concluídas | F43: =IF(COUNT(E45:E52)=0,0,ROUND(MIN(E45:E52)*B43,0)) -> 10 | O43: Falta | P43: =1-P42 -> 0
A44: Subatividade | B44: Tempo ideal (min) | C44: Peso na etapa | D44: Peças concluídas | E44: % concluído | F44: Tempo total (min) | G44: Tempo que falta (min)
A45: Montar retifica | C45: =IF(OR(A45="",$B$53=0),"",N(B45)/$B$53) | D45: 10 | E45: =IF(A45="","",IF($B$43>0,MIN(1,N(D45)/$B$43),0)) -> 1 | F45: =IF(A45="","",N(B45)*$B$43) -> 0 | G45: =IF(A45="","",N(B45)*($B$43-MIN($B$43,N(D45)))) -> 0 | O45: Tarefas | P45: =COUNTA(A45:A52) -> 1
C46: =IF(OR(A46="",$B$53=0),"",N(B46)/$B$53) | E46: =IF(A46="","",IF($B$43>0,MIN(1,N(D46)/$B$43),0)) | F46: =IF(A46="","",N(B46)*$B$43) | G46: =IF(A46="","",N(B46)*($B$43-MIN($B$43,N(D46)))) | O46: Tarefas 100% | P46: =COUNTIF(E45:E52,">=1") -> 1
C47: =IF(OR(A47="",$B$53=0),"",N(B47)/$B$53) | E47: =IF(A47="","",IF($B$43>0,MIN(1,N(D47)/$B$43),0)) | F47: =IF(A47="","",N(B47)*$B$43) | G47: =IF(A47="","",N(B47)*($B$43-MIN($B$43,N(D47))))
C48: =IF(OR(A48="",$B$53=0),"",N(B48)/$B$53) | E48: =IF(A48="","",IF($B$43>0,MIN(1,N(D48)/$B$43),0)) | F48: =IF(A48="","",N(B48)*$B$43) | G48: =IF(A48="","",N(B48)*($B$43-MIN($B$43,N(D48))))
C49: =IF(OR(A49="",$B$53=0),"",N(B49)/$B$53) | E49: =IF(A49="","",IF($B$43>0,MIN(1,N(D49)/$B$43),0)) | F49: =IF(A49="","",N(B49)*$B$43) | G49: =IF(A49="","",N(B49)*($B$43-MIN($B$43,N(D49))))
C50: =IF(OR(A50="",$B$53=0),"",N(B50)/$B$53) | E50: =IF(A50="","",IF($B$43>0,MIN(1,N(D50)/$B$43),0)) | F50: =IF(A50="","",N(B50)*$B$43) | G50: =IF(A50="","",N(B50)*($B$43-MIN($B$43,N(D50))))
C51: =IF(OR(A51="",$B$53=0),"",N(B51)/$B$53) | E51: =IF(A51="","",IF($B$43>0,MIN(1,N(D51)/$B$43),0)) | F51: =IF(A51="","",N(B51)*$B$43) | G51: =IF(A51="","",N(B51)*($B$43-MIN($B$43,N(D51))))
C52: =IF(OR(A52="",$B$53=0),"",N(B52)/$B$53) | E52: =IF(A52="","",IF($B$43>0,MIN(1,N(D52)/$B$43),0)) | F52: =IF(A52="","",N(B52)*$B$43) | G52: =IF(A52="","",N(B52)*($B$43-MIN($B$43,N(D52))))
A53: Total da etapa (progresso pelas tarefas) | B53: =SUM(B45:B52) -> 0 | E53: =IF(B53>0,SUMPRODUCT(B45:B52,E45:E52)/B53,IF(COUNT(E45:E52)=0,0,SUM(E45:E52)/COUNT(E45:E52))) -> 1 | F53: =SUM(F45:F52) -> 0 | G53: =SUM(G45:G52) -> 0
A54: Unidades concluídas ÷ previstas (menor nº de peças entre as subatividades) | D54: =F43&"/"&B43 -> 10/10 | E54: =IF(B43>0,MIN(1,F43/B43),0) -> 1
A57: 6. Instalação dos Mancais e Eixos | E57: Peso no robô | F57: =C393 -> 0 | O57: Concluído | P57: =E68 -> 0.6
A58: Unidades previstas | B58: =$B$4 -> 10 | E58: Unidades concluídas | F58: =IF(COUNT(E60:E67)=0,0,ROUND(MIN(E60:E67)*B58,0)) -> 4 | O58: Falta | P58: =1-P57 -> 0.4
A59: Subatividade | B59: Tempo ideal (min) | C59: Peso na etapa | D59: Peças concluídas | E59: % concluído | F59: Tempo total (min) | G59: Tempo que falta (min)
A60: Fixar os mancais (exemplo) | B60: 0 | C60: =IF(OR(A60="",$B$68=0),"",N(B60)/$B$68) | D60: 8 | E60: =IF(A60="","",IF($B$58>0,MIN(1,N(D60)/$B$58),0)) -> 0.8 | F60: =IF(A60="","",N(B60)*$B$58) -> 0 | G60: =IF(A60="","",N(B60)*($B$58-MIN($B$58,N(D60)))) -> 0 | O60: Tarefas | P60: =COUNTA(A60:A67) -> 2
A61: Montar os eixos (exemplo) | B61: 0 | C61: =IF(OR(A61="",$B$68=0),"",N(B61)/$B$68) | D61: 4 | E61: =IF(A61="","",IF($B$58>0,MIN(1,N(D61)/$B$58),0)) -> 0.4 | F61: =IF(A61="","",N(B61)*$B$58) -> 0 | G61: =IF(A61="","",N(B61)*($B$58-MIN($B$58,N(D61)))) -> 0 | O61: Tarefas 100% | P61: =COUNTIF(E60:E67,">=1") -> 0
C62: =IF(OR(A62="",$B$68=0),"",N(B62)/$B$68) | E62: =IF(A62="","",IF($B$58>0,MIN(1,N(D62)/$B$58),0)) | F62: =IF(A62="","",N(B62)*$B$58) | G62: =IF(A62="","",N(B62)*($B$58-MIN($B$58,N(D62))))
C63: =IF(OR(A63="",$B$68=0),"",N(B63)/$B$68) | E63: =IF(A63="","",IF($B$58>0,MIN(1,N(D63)/$B$58),0)) | F63: =IF(A63="","",N(B63)*$B$58) | G63: =IF(A63="","",N(B63)*($B$58-MIN($B$58,N(D63))))
C64: =IF(OR(A64="",$B$68=0),"",N(B64)/$B$68) | E64: =IF(A64="","",IF($B$58>0,MIN(1,N(D64)/$B$58),0)) | F64: =IF(A64="","",N(B64)*$B$58) | G64: =IF(A64="","",N(B64)*($B$58-MIN($B$58,N(D64))))
C65: =IF(OR(A65="",$B$68=0),"",N(B65)/$B$68) | E65: =IF(A65="","",IF($B$58>0,MIN(1,N(D65)/$B$58),0)) | F65: =IF(A65="","",N(B65)*$B$58) | G65: =IF(A65="","",N(B65)*($B$58-MIN($B$58,N(D65))))
C66: =IF(OR(A66="",$B$68=0),"",N(B66)/$B$68) | E66: =IF(A66="","",IF($B$58>0,MIN(1,N(D66)/$B$58),0)) | F66: =IF(A66="","",N(B66)*$B$58) | G66: =IF(A66="","",N(B66)*($B$58-MIN($B$58,N(D66))))
C67: =IF(OR(A67="",$B$68=0),"",N(B67)/$B$68) | E67: =IF(A67="","",IF($B$58>0,MIN(1,N(D67)/$B$58),0)) | F67: =IF(A67="","",N(B67)*$B$58) | G67: =IF(A67="","",N(B67)*($B$58-MIN($B$58,N(D67))))
A68: Total da etapa (progresso pelas tarefas) | B68: =SUM(B60:B67) -> 0 | E68: =IF(B68>0,SUMPRODUCT(B60:B67,E60:E67)/B68,IF(COUNT(E60:E67)=0,0,SUM(E60:E67)/COUNT(E60:E67))) -> 0.6 | F68: =SUM(F60:F67) -> 0 | G68: =SUM(G60:G67) -> 0
A69: Unidades concluídas ÷ previstas (menor nº de peças entre as subatividades) | D69: =F58&"/"&B58 -> 4/10 | E69: =IF(B58>0,MIN(1,F58/B58),0) -> 0.4
A70: ↑ Valores de EXEMPLO (não são dados reais). Substitua pelos seus.
A72: 7. Instalação dos Motores, Polias e Correias | E72: Peso no robô | F72: =C394 -> 0 | O72: Concluído | P72: =E83 -> 0
A73: Unidades previstas | B73: =$B$4 -> 10 | E73: Unidades concluídas | F73: =IF(COUNT(E75:E82)=0,0,ROUND(MIN(E75:E82)*B73,0)) -> 0 | O73: Falta | P73: =1-P72 -> 1
A74: Subatividade | B74: Tempo ideal (min) | C74: Peso na etapa | D74: Peças concluídas | E74: % concluído | F74: Tempo total (min) | G74: Tempo que falta (min)
C75: =IF(OR(A75="",$B$83=0),"",N(B75)/$B$83) | E75: =IF(A75="","",IF($B$73>0,MIN(1,N(D75)/$B$73),0)) | F75: =IF(A75="","",N(B75)*$B$73) | G75: =IF(A75="","",N(B75)*($B$73-MIN($B$73,N(D75)))) | O75: Tarefas | P75: =COUNTA(A75:A82) -> 0
C76: =IF(OR(A76="",$B$83=0),"",N(B76)/$B$83) | E76: =IF(A76="","",IF($B$73>0,MIN(1,N(D76)/$B$73),0)) | F76: =IF(A76="","",N(B76)*$B$73) | G76: =IF(A76="","",N(B76)*($B$73-MIN($B$73,N(D76)))) | O76: Tarefas 100% | P76: =COUNTIF(E75:E82,">=1") -> 0
C77: =IF(OR(A77="",$B$83=0),"",N(B77)/$B$83) | E77: =IF(A77="","",IF($B$73>0,MIN(1,N(D77)/$B$73),0)) | F77: =IF(A77="","",N(B77)*$B$73) | G77: =IF(A77="","",N(B77)*($B$73-MIN($B$73,N(D77))))
C78: =IF(OR(A78="",$B$83=0),"",N(B78)/$B$83) | E78: =IF(A78="","",IF($B$73>0,MIN(1,N(D78)/$B$73),0)) | F78: =IF(A78="","",N(B78)*$B$73) | G78: =IF(A78="","",N(B78)*($B$73-MIN($B$73,N(D78))))
C79: =IF(OR(A79="",$B$83=0),"",N(B79)/$B$83) | E79: =IF(A79="","",IF($B$73>0,MIN(1,N(D79)/$B$73),0)) | F79: =IF(A79="","",N(B79)*$B$73) | G79: =IF(A79="","",N(B79)*($B$73-MIN($B$73,N(D79))))
C80: =IF(OR(A80="",$B$83=0),"",N(B80)/$B$83) | E80: =IF(A80="","",IF($B$73>0,MIN(1,N(D80)/$B$73),0)) | F80: =IF(A80="","",N(B80)*$B$73) | G80: =IF(A80="","",N(B80)*($B$73-MIN($B$73,N(D80))))
C81: =IF(OR(A81="",$B$83=0),"",N(B81)/$B$83) | E81: =IF(A81="","",IF($B$73>0,MIN(1,N(D81)/$B$73),0)) | F81: =IF(A81="","",N(B81)*$B$73) | G81: =IF(A81="","",N(B81)*($B$73-MIN($B$73,N(D81))))
C82: =IF(OR(A82="",$B$83=0),"",N(B82)/$B$83) | E82: =IF(A82="","",IF($B$73>0,MIN(1,N(D82)/$B$73),0)) | F82: =IF(A82="","",N(B82)*$B$73) | G82: =IF(A82="","",N(B82)*($B$73-MIN($B$73,N(D82))))
A83: Total da etapa (progresso pelas tarefas) | B83: =SUM(B75:B82) -> 0 | E83: =IF(B83>0,SUMPRODUCT(B75:B82,E75:E82)/B83,IF(COUNT(E75:E82)=0,0,SUM(E75:E82)/COUNT(E75:E82))) -> 0 | F83: =SUM(F75:F82) -> 0 | G83: =SUM(G75:G82) -> 0
A84: Unidades concluídas ÷ previstas (menor nº de peças entre as subatividades) | D84: =F73&"/"&B73 -> 0/10 | E84: =IF(B73>0,MIN(1,F73/B73),0) -> 0
A87: 8. Instalação da Caixa de Som e Suporte Lateral | E87: Peso no robô | F87: =C395 -> 0 | O87: Concluído | P87: =E98 -> 0
A88: Unidades previstas | B88: =$B$4 -> 10 | E88: Unidades concluídas | F88: =IF(COUNT(E90:E97)=0,0,ROUND(MIN(E90:E97)*B88,0)) -> 0 | O88: Falta | P88: =1-P87 -> 1
A89: Subatividade | B89: Tempo ideal (min) | C89: Peso na etapa | D89: Peças concluídas | E89: % concluído | F89: Tempo total (min) | G89: Tempo que falta (min)
C90: =IF(OR(A90="",$B$98=0),"",N(B90)/$B$98) | E90: =IF(A90="","",IF($B$88>0,MIN(1,N(D90)/$B$88),0)) | F90: =IF(A90="","",N(B90)*$B$88) | G90: =IF(A90="","",N(B90)*($B$88-MIN($B$88,N(D90)))) | O90: Tarefas | P90: =COUNTA(A90:A97) -> 0
C91: =IF(OR(A91="",$B$98=0),"",N(B91)/$B$98) | E91: =IF(A91="","",IF($B$88>0,MIN(1,N(D91)/$B$88),0)) | F91: =IF(A91="","",N(B91)*$B$88) | G91: =IF(A91="","",N(B91)*($B$88-MIN($B$88,N(D91)))) | O91: Tarefas 100% | P91: =COUNTIF(E90:E97,">=1") -> 0
C92: =IF(OR(A92="",$B$98=0),"",N(B92)/$B$98) | E92: =IF(A92="","",IF($B$88>0,MIN(1,N(D92)/$B$88),0)) | F92: =IF(A92="","",N(B92)*$B$88) | G92: =IF(A92="","",N(B92)*($B$88-MIN($B$88,N(D92))))
C93: =IF(OR(A93="",$B$98=0),"",N(B93)/$B$98) | E93: =IF(A93="","",IF($B$88>0,MIN(1,N(D93)/$B$88),0)) | F93: =IF(A93="","",N(B93)*$B$88) | G93: =IF(A93="","",N(B93)*($B$88-MIN($B$88,N(D93))))
C94: =IF(OR(A94="",$B$98=0),"",N(B94)/$B$98) | E94: =IF(A94="","",IF($B$88>0,MIN(1,N(D94)/$B$88),0)) | F94: =IF(A94="","",N(B94)*$B$88) | G94: =IF(A94="","",N(B94)*($B$88-MIN($B$88,N(D94))))
C95: =IF(OR(A95="",$B$98=0),"",N(B95)/$B$98) | E95: =IF(A95="","",IF($B$88>0,MIN(1,N(D95)/$B$88),0)) | F95: =IF(A95="","",N(B95)*$B$88) | G95: =IF(A95="","",N(B95)*($B$88-MIN($B$88,N(D95))))
C96: =IF(OR(A96="",$B$98=0),"",N(B96)/$B$98) | E96: =IF(A96="","",IF($B$88>0,MIN(1,N(D96)/$B$88),0)) | F96: =IF(A96="","",N(B96)*$B$88) | G96: =IF(A96="","",N(B96)*($B$88-MIN($B$88,N(D96))))
C97: =IF(OR(A97="",$B$98=0),"",N(B97)/$B$98) | E97: =IF(A97="","",IF($B$88>0,MIN(1,N(D97)/$B$88),0)) | F97: =IF(A97="","",N(B97)*$B$88) | G97: =IF(A97="","",N(B97)*($B$88-MIN($B$88,N(D97))))
A98: Total da etapa (progresso pelas tarefas) | B98: =SUM(B90:B97) -> 0 | E98: =IF(B98>0,SUMPRODUCT(B90:B97,E90:E97)/B98,IF(COUNT(E90:E97)=0,0,SUM(E90:E97)/COUNT(E90:E97))) -> 0 | F98: =SUM(F90:F97) -> 0 | G98: =SUM(G90:G97) -> 0
A99: Unidades concluídas ÷ previstas (menor nº de peças entre as subatividades) | D99: =F88&"/"&B88 -> 0/10 | E99: =IF(B88>0,MIN(1,F88/B88),0) -> 0
A102: 9. Montagem do Rodízio e Perfil | E102: Peso no robô | F102: =C396 -> 0 | O102: Concluído | P102: =E113 -> 0
A103: Unidades previstas | B103: =$B$4 -> 10 | E103: Unidades concluídas | F103: =IF(COUNT(E105:E112)=0,0,ROUND(MIN(E105:E112)*B103,0)) -> 0 | O103: Falta | P103: =1-P102 -> 1
A104: Subatividade | B104: Tempo ideal (min) | C104: Peso na etapa | D104: Peças concluídas | E104: % concluído | F104: Tempo total (min) | G104: Tempo que falta (min)
C105: =IF(OR(A105="",$B$113=0),"",N(B105)/$B$113) | E105: =IF(A105="","",IF($B$103>0,MIN(1,N(D105)/$B$103),0)) | F105: =IF(A105="","",N(B105)*$B$103) | G105: =IF(A105="","",N(B105)*($B$103-MIN($B$103,N(D105)))) | O105: Tarefas | P105: =COUNTA(A105:A112) -> 0
C106: =IF(OR(A106="",$B$113=0),"",N(B106)/$B$113) | E106: =IF(A106="","",IF($B$103>0,MIN(1,N(D106)/$B$103),0)) | F106: =IF(A106="","",N(B106)*$B$103) | G106: =IF(A106="","",N(B106)*($B$103-MIN($B$103,N(D106)))) | O106: Tarefas 100% | P106: =COUNTIF(E105:E112,">=1") -> 0
C107: =IF(OR(A107="",$B$113=0),"",N(B107)/$B$113) | E107: =IF(A107="","",IF($B$103>0,MIN(1,N(D107)/$B$103),0)) | F107: =IF(A107="","",N(B107)*$B$103) | G107: =IF(A107="","",N(B107)*($B$103-MIN($B$103,N(D107))))
C108: =IF(OR(A108="",$B$113=0),"",N(B108)/$B$113) | E108: =IF(A108="","",IF($B$103>0,MIN(1,N(D108)/$B$103),0)) | F108: =IF(A108="","",N(B108)*$B$103) | G108: =IF(A108="","",N(B108)*($B$103-MIN($B$103,N(D108))))
C109: =IF(OR(A109="",$B$113=0),"",N(B109)/$B$113) | E109: =IF(A109="","",IF($B$103>0,MIN(1,N(D109)/$B$103),0)) | F109: =IF(A109="","",N(B109)*$B$103) | G109: =IF(A109="","",N(B109)*($B$103-MIN($B$103,N(D109))))
C110: =IF(OR(A110="",$B$113=0),"",N(B110)/$B$113) | E110: =IF(A110="","",IF($B$103>0,MIN(1,N(D110)/$B$103),0)) | F110: =IF(A110="","",N(B110)*$B$103) | G110: =IF(A110="","",N(B110)*($B$103-MIN($B$103,N(D110))))
C111: =IF(OR(A111="",$B$113=0),"",N(B111)/$B$113) | E111: =IF(A111="","",IF($B$103>0,MIN(1,N(D111)/$B$103),0)) | F111: =IF(A111="","",N(B111)*$B$103) | G111: =IF(A111="","",N(B111)*($B$103-MIN($B$103,N(D111))))
...

Sheet Equipe
A1: Equipe e prazo
A2: Relação simples: dias úteis = horas de trabalho ÷ (pessoas × horas por dia). Considera que as pessoas trabalham em paralelo.
A4: Tempo que falta (h) | B4: =Acompanhamento!G414 -> 27.5
A5: Tempo total da meta (h) | B5: =Acompanhamento!F414 -> 31.666667
A6: Pessoas montando | B6: 1
A7: Horas de trabalho por dia (por pessoa) | B7: 8
A8: Dias úteis restantes | B8: =IF(B6*B7>0,B4/(B6*B7),"") -> 3.4375
A9: Dias úteis para a meta inteira | B9: =IF(B6*B7>0,B5/(B6*B7),"") -> 3.9583333
A11: E se mudar o tamanho da equipe?
A12: Pessoas | B12: Horas por dia (equipe) | C12: Dias úteis restantes
A13: 1 | B13: =A13*$B$7 -> 8 | C13: =IF(B13>0,$B$4/B13,"") -> 3.4375
A14: 2 | B14: =A14*$B$7 -> 16 | C14: =IF(B14>0,$B$4/B14,"") -> 1.71875
A15: 3 | B15: =A15*$B$7 -> 24 | C15: =IF(B15>0,$B$4/B15,"") -> 1.1458333
A16: 4 | B16: =A16*$B$7 -> 32 | C16: =IF(B16>0,$B$4/B16,"") -> 0.859375
A17: 5 | B17: =A17*$B$7 -> 40 | C17: =IF(B17>0,$B$4/B17,"") -> 0.6875
A18: 6 | B18: =A18*$B$7 -> 48 | C18: =IF(B18>0,$B$4/B18,"") -> 0.57291667

Sheet Como funciona
A1: Como cada conta funciona
A2: A coluna 'Exemplo' usa os números que estão agora na primeira etapa da aba Acompanhamento, então muda junto com eles.
A4: Conta | B4: Como é calculada | C4: Exemplo com os números atuais
A5: Peso da subatividade na etapa | B5: Tempo ideal da subatividade ÷ soma dos tempos da etapa. | C5: =IFERROR(Acompanhamento!A18&": "&Acompanhamento!B18&" min ÷ "&Acompanhamento!B23&" min = "&ROUND(Acompanhamento!C18*100,0)&"%","(preencha a primeira etapa)") -> Instalar placa: 100 min ÷ 130 min = 77%
A6: Peso da etapa no robô | B6: Tempo da etapa ÷ tempo de 1 robô (soma de todas as etapas). | C6: =IFERROR(Acompanhamento!A12&": "&Acompanhamento!B23&" min ÷ "&Acompanhamento!B414&" min = "&ROUND(Acompanhamento!C390*100,0)&"%","(preencha a primeira etapa)") -> 3. Montagem do Suporte de Manutenção: 130 min ÷ 190 min = 68%
A7: % concluído da subatividade | B7: Peças concluídas ÷ unidades previstas. Você só digita as peças. | C7: =IFERROR(Acompanhamento!A15&": "&N(Acompanhamento!D15)&" ÷ "&Acompanhamento!B13&" = "&ROUND(Acompanhamento!E15*100,0)&"%","(preencha a primeira etapa)") -> Alinhamento: 5 ÷ 10 = 50%
A8: Progresso da etapa pelas tarefas (Tabela 1) | B8: Soma de (peso × % concluído) das subatividades. Conta as parciais. | C8: =IFERROR(Acompanhamento!A12&": "&ROUND(Acompanhamento!E23*100,1)&"%","(preencha a primeira etapa)") -> 3. Montagem do Suporte de Manutenção: 19.2%
A9: Unidades concluídas da etapa (Tabela 2) | B9: Menor número de peças concluídas entre as subatividades: uma unidade só está pronta quando passou por todas. | C9: =IFERROR(Acompanhamento!A12&": menor nº de peças = "&Acompanhamento!F13&" → "&Acompanhamento!F13&" ÷ "&Acompanhamento!B13&" = "&ROUND(Acompanhamento!E24*100,0)&"%, mesmo com as tarefas em "&ROUND(Acompanhamento!E23*100,0)&"%","(preencha a primeira etapa)") -> 3. Montagem do Suporte de Manutenção: menor nº de peças = 1 → 1 ÷ 10 = 10%, mesmo com as tarefas em 19%
A10: Tempo total da subatividade | B10: Tempo ideal × unidades previstas. | C10: =IFERROR(Acompanhamento!A18&": "&Acompanhamento!B18&" min × "&Acompanhamento!B13&" = "&Acompanhamento!F18&" min","(preencha a primeira etapa)") -> Instalar placa: 100 min × 10 = 1000 min
A11: Tempo que falta | B11: Tempo ideal × (previstas − peças concluídas). | C11: =IFERROR(Acompanhamento!A18&": "&Acompanhamento!B18&" min × ("&Acompanhamento!B13&" − "&N(Acompanhamento!D18)&") = "&Acompanhamento!G18&" min","(preencha a primeira etapa)") -> Instalar placa: 100 min × (10 − 1) = 900 min
A12: Robôs concluídos | B12: Menor número de unidades concluídas entre todas as etapas (um robô só está pronto quando passou por todas). | C12: =IFERROR("Menor valor da coluna Feitas da Tabela 2 = "&Acompanhamento!B377&" de "&Acompanhamento!C377,"(preencha a primeira etapa)") -> Menor valor da coluna Feitas da Tabela 2 = 0 de 10
A13: Dias úteis restantes (aba Equipe) | B13: Tempo que falta ÷ (pessoas × horas por dia). | C13: =IFERROR(ROUND(Equipe!B4,1)&" h ÷ ("&Equipe!B6&" pessoas × "&Equipe!B7&" h) = "&ROUND(Equipe!B8,1)&" dias úteis","(preencha a primeira etapa)") -> 27.5 h ÷ (1 pessoas × 8 h) = 3.4 dias úteis
